{
  "n_paired": 100,
  "bge_artifact": "bench/results/lme_n100_k10_baseline_bge.json",
  "default_artifact": "bench/results/lme_full500_k10_baseline.json",
  "overall": {
    "hit_at_1": {
      "bge_rate": 0.88,
      "default_rate": 0.87,
      "delta": 0.01,
      "ci95": [
        -0.04,
        0.06
      ],
      "sig": false
    },
    "hit_at_k": {
      "bge_rate": 0.96,
      "default_rate": 0.95,
      "delta": 0.01,
      "ci95": [
        -0.03,
        0.06
      ],
      "sig": false
    }
  },
  "per_type": {
    "single-session-user": {
      "n": 70,
      "hit_at_1": {
        "bge_rate": 0.8857142857142857,
        "default_rate": 0.9142857142857143,
        "delta": -0.02857142857142857,
        "ci95": [
          -0.08571428571428572,
          0.02857142857142857
        ],
        "sig": false
      },
      "hit_at_k": {
        "bge_rate": 0.9571428571428572,
        "default_rate": 0.9571428571428572,
        "delta": 0.0,
        "ci95": [
          -0.04285714285714286,
          0.04285714285714286
        ],
        "sig": false
      }
    },
    "multi-session": {
      "n": 30,
      "hit_at_1": {
        "bge_rate": 0.8666666666666667,
        "default_rate": 0.7666666666666667,
        "delta": 0.1,
        "ci95": [
          0.0,
          0.23333333333333334
        ],
        "sig": false
      },
      "hit_at_k": {
        "bge_rate": 0.9666666666666667,
        "default_rate": 0.9333333333333333,
        "delta": 0.03333333333333333,
        "ci95": [
          -0.06666666666666667,
          0.16666666666666666
        ],
        "sig": false
      }
    }
  }
}