{
  "n_paired": 500,
  "bge_artifact": "bench/results/lme_n500_bge_large_baseline.json",
  "default_artifact": "bench/results/lme_full500_k10_baseline.json",
  "boot_resamples": 10000,
  "boot_seed": 42,
  "overall": {
    "hit_at_1": {
      "bge_rate": 0.868,
      "default_rate": 0.81,
      "delta": 0.058,
      "ci95": [
        0.032,
        0.086
      ],
      "sig": true
    },
    "hit_at_k": {
      "bge_rate": 0.956,
      "default_rate": 0.932,
      "delta": 0.024,
      "ci95": [
        0.01,
        0.04
      ],
      "sig": true
    }
  },
  "per_type": {
    "single-session-user": {
      "n": 70,
      "hit_at_1": {
        "bge_rate": 0.9,
        "default_rate": 0.9142857142857143,
        "delta": -0.014285714285714285,
        "ci95": [
          -0.07142857142857142,
          0.02857142857142857
        ],
        "sig": false
      },
      "hit_at_k": {
        "bge_rate": 0.9571428571428572,
        "default_rate": 0.9571428571428572,
        "delta": 0.0,
        "ci95": [
          -0.04285714285714286,
          0.04285714285714286
        ],
        "sig": false
      }
    },
    "multi-session": {
      "n": 133,
      "hit_at_1": {
        "bge_rate": 0.8872180451127819,
        "default_rate": 0.8045112781954887,
        "delta": 0.08270676691729323,
        "ci95": [
          0.022556390977443608,
          0.14285714285714285
        ],
        "sig": true
      },
      "hit_at_k": {
        "bge_rate": 0.9774436090225563,
        "default_rate": 0.9624060150375939,
        "delta": 0.015037593984962405,
        "ci95": [
          -0.015037593984962405,
          0.045112781954887216
        ],
        "sig": false
      }
    },
    "single-session-preference": {
      "n": 30,
      "hit_at_1": {
        "bge_rate": 0.5333333333333333,
        "default_rate": 0.36666666666666664,
        "delta": 0.16666666666666666,
        "ci95": [
          0.0,
          0.3333333333333333
        ],
        "sig": false
      },
      "hit_at_k": {
        "bge_rate": 0.9666666666666667,
        "default_rate": 0.8333333333333334,
        "delta": 0.13333333333333333,
        "ci95": [
          0.03333333333333333,
          0.26666666666666666
        ],
        "sig": true
      }
    },
    "temporal-reasoning": {
      "n": 133,
      "hit_at_1": {
        "bge_rate": 0.8796992481203008,
        "default_rate": 0.8120300751879699,
        "delta": 0.06766917293233082,
        "ci95": [
          0.015037593984962405,
          0.12030075187969924
        ],
        "sig": true
      },
      "hit_at_k": {
        "bge_rate": 0.9624060150375939,
        "default_rate": 0.924812030075188,
        "delta": 0.03759398496240601,
        "ci95": [
          0.007518796992481203,
          0.07518796992481203
        ],
        "sig": true
      }
    },
    "knowledge-update": {
      "n": 78,
      "hit_at_1": {
        "bge_rate": 0.8974358974358975,
        "default_rate": 0.8846153846153846,
        "delta": 0.01282051282051282,
        "ci95": [
          0.0,
          0.038461538461538464
        ],
        "sig": false
      },
      "hit_at_k": {
        "bge_rate": 0.9230769230769231,
        "default_rate": 0.9230769230769231,
        "delta": 0.0,
        "ci95": [
          0.0,
          0.0
        ],
        "sig": false
      }
    },
    "single-session-assistant": {
      "n": 56,
      "hit_at_1": {
        "bge_rate": 0.8928571428571429,
        "default_rate": 0.8214285714285714,
        "delta": 0.07142857142857142,
        "ci95": [
          0.017857142857142856,
          0.14285714285714285
        ],
        "sig": true
      },
      "hit_at_k": {
        "bge_rate": 0.9285714285714286,
        "default_rate": 0.9107142857142857,
        "delta": 0.017857142857142856,
        "ci95": [
          0.0,
          0.05357142857142857
        ],
        "sig": false
      }
    }
  }
}