{
  "bm25_artifact": "bench/results/lme_full500_k10_baseline.json",
  "boot_resamples": 10000,
  "boot_seed": 42,
  "n_bm25": 500,
  "n_paired": 500,
  "n_rm3": 500,
  "overall": {
    "hit_at_1": {
      "bm25_rate": 0.81,
      "ci95": [
        -0.03,
        0.0
      ],
      "delta": -0.014,
      "rm3_rate": 0.796,
      "sig": false
    },
    "hit_at_k": {
      "bm25_rate": 0.932,
      "ci95": [
        -0.026,
        -0.004
      ],
      "delta": -0.014,
      "rm3_rate": 0.918,
      "sig": true
    }
  },
  "per_type": {
    "knowledge-update": {
      "hit_at_1": {
        "bm25_rate": 0.8846153846153846,
        "ci95": [
          0.0,
          0.038461538461538464
        ],
        "delta": 0.01282051282051282,
        "rm3_rate": 0.8974358974358975,
        "sig": false
      },
      "hit_at_k": {
        "bm25_rate": 0.9230769230769231,
        "ci95": [
          0.0,
          0.0
        ],
        "delta": 0.0,
        "rm3_rate": 0.9230769230769231,
        "sig": false
      },
      "n": 78
    },
    "multi-session": {
      "hit_at_1": {
        "bm25_rate": 0.8045112781954887,
        "ci95": [
          -0.03007518796992481,
          0.015037593984962405
        ],
        "delta": -0.007518796992481203,
        "rm3_rate": 0.7969924812030075,
        "sig": false
      },
      "hit_at_k": {
        "bm25_rate": 0.9624060150375939,
        "ci95": [
          -0.03759398496240601,
          0.0
        ],
        "delta": -0.015037593984962405,
        "rm3_rate": 0.9473684210526315,
        "sig": false
      },
      "n": 133
    },
    "single-session-assistant": {
      "hit_at_1": {
        "bm25_rate": 0.8214285714285714,
        "ci95": [
          0.0,
          0.0
        ],
        "delta": 0.0,
        "rm3_rate": 0.8214285714285714,
        "sig": false
      },
      "hit_at_k": {
        "bm25_rate": 0.9107142857142857,
        "ci95": [
          0.0,
          0.0
        ],
        "delta": 0.0,
        "rm3_rate": 0.9107142857142857,
        "sig": false
      },
      "n": 56
    },
    "single-session-preference": {
      "hit_at_1": {
        "bm25_rate": 0.36666666666666664,
        "ci95": [
          0.0,
          0.0
        ],
        "delta": 0.0,
        "rm3_rate": 0.36666666666666664,
        "sig": false
      },
      "hit_at_k": {
        "bm25_rate": 0.8333333333333334,
        "ci95": [
          -0.23333333333333334,
          0.0
        ],
        "delta": -0.1,
        "rm3_rate": 0.7333333333333333,
        "sig": false
      },
      "n": 30
    },
    "single-session-user": {
      "hit_at_1": {
        "bm25_rate": 0.9142857142857143,
        "ci95": [
          -0.14285714285714285,
          -0.014285714285714285
        ],
        "delta": -0.07142857142857142,
        "rm3_rate": 0.8428571428571429,
        "sig": true
      },
      "hit_at_k": {
        "bm25_rate": 0.9571428571428572,
        "ci95": [
          0.0,
          0.0
        ],
        "delta": 0.0,
        "rm3_rate": 0.9571428571428572,
        "sig": false
      },
      "n": 70
    },
    "temporal-reasoning": {
      "hit_at_1": {
        "bm25_rate": 0.8120300751879699,
        "ci95": [
          -0.05263157894736842,
          0.022556390977443608
        ],
        "delta": -0.015037593984962405,
        "rm3_rate": 0.7969924812030075,
        "sig": false
      },
      "hit_at_k": {
        "bm25_rate": 0.924812030075188,
        "ci95": [
          -0.03759398496240601,
          0.0
        ],
        "delta": -0.015037593984962405,
        "rm3_rate": 0.9097744360902256,
        "sig": false
      },
      "n": 133
    }
  },
  "rm3_artifact": "bench/results/lme_n500_rm3.json",
  "rm3_config": {
    "lambda": 0.5,
    "num_terms": 10,
    "top_k": 10
  }
}
