{
  "metric": "hit_at_1",
  "model": "gbm",
  "n_queries": 1978,
  "weights": [
    0.0,
    0.3,
    0.5,
    0.7,
    1.0
  ],
  "static_means": {
    "0.0": 0.5394337714863499,
    "0.3": 0.5020222446916077,
    "0.5": 0.4924165824064712,
    "0.7": 0.4787664307381193,
    "1.0": 0.46865520728008087
  },
  "static_best_vw": 0.0,
  "static_best_mean": 0.5394337714863499,
  "oracle_mean": 0.6567239635995955,
  "adaptive_mean": 0.538928210313448,
  "delta_vs_static_best": {
    "mean": -0.0005055611729019212,
    "ci_lo": -0.00455005055611729,
    "ci_hi": 0.003033367037411527
  },
  "predicted_vw_dist": {
    "0.0": 1941,
    "0.3": 22,
    "0.5": 5,
    "0.7": 7,
    "1.0": 3
  },
  "useful": false,
  "n_conversations": 10
}