{
  "metric": "hit_at_k",
  "model": "gbm",
  "n_queries": 1978,
  "weights": [
    0.0,
    0.3,
    0.5,
    0.7,
    1.0
  ],
  "static_means": {
    "0.0": 0.7987866531850354,
    "0.3": 0.7871587462082912,
    "0.5": 0.7391304347826086,
    "0.7": 0.7194135490394338,
    "1.0": 0.7037411526794742
  },
  "static_best_vw": 0.0,
  "static_best_mean": 0.7987866531850354,
  "oracle_mean": 0.8326592517694641,
  "adaptive_mean": 0.7977755308392316,
  "delta_vs_static_best": {
    "mean": -0.0010111223458038423,
    "ci_lo": -0.0025278058645096056,
    "ci_hi": 0.0
  },
  "predicted_vw_dist": {
    "0.0": 1965,
    "0.5": 6,
    "0.3": 7
  },
  "useful": false,
  "n_conversations": 10
}