{
  "metric": "reciprocal_rank",
  "model": "gbm",
  "n_queries": 1978,
  "weights": [
    0.0,
    0.3,
    0.5,
    0.7,
    1.0
  ],
  "static_means": {
    "0.0": 0.627287263068355,
    "0.3": 0.5675449788948274,
    "0.5": 0.5424767682603885,
    "0.7": 0.5247787166770999,
    "1.0": 0.5092850723032728
  },
  "static_best_vw": 0.0,
  "static_best_mean": 0.627287263068355,
  "oracle_mean": 0.6988033046046188,
  "adaptive_mean": 0.6453297783555623,
  "delta_vs_static_best": {
    "mean": 0.0180425152872069,
    "ci_lo": 0.012251031184297108,
    "ci_hi": 0.024218988235671757
  },
  "predicted_vw_dist": {
    "0.0": 1733,
    "0.7": 13,
    "0.3": 202,
    "1.0": 14,
    "0.5": 16
  },
  "useful": true,
  "n_conversations": 10
}