{
  "metric": "hit_at_k",
  "model": "gbm",
  "n_queries": 1978,
  "weights": [
    0.0,
    0.3,
    0.5,
    0.7,
    1.0
  ],
  "static_means": {
    "0.0": 0.7987866531850354,
    "0.3": 0.7982810920121335,
    "0.5": 0.7709807886754297,
    "0.7": 0.7578361981799798,
    "1.0": 0.7446916076845298
  },
  "static_best_vw": 0.0,
  "static_best_mean": 0.7987866531850354,
  "oracle_mean": 0.8417593528816987,
  "adaptive_mean": 0.7982810920121335,
  "delta_vs_static_best": {
    "mean": -0.0005055611729019212,
    "ci_lo": -0.0015166835187057635,
    "ci_hi": 0.0
  },
  "predicted_vw_dist": {
    "0.0": 1961,
    "0.3": 11,
    "0.5": 3,
    "1.0": 2,
    "0.7": 1
  },
  "useful": false,
  "n_conversations": 10
}