{
  "metric": "hit_at_1",
  "model": "gbm",
  "n_queries": 1978,
  "weights": [
    0.0,
    0.3,
    0.5,
    0.7
  ],
  "static_means": {
    "0.0": 0.5394337714863499,
    "0.3": 0.5682507583417593,
    "0.5": 0.570273003033367,
    "0.7": 0.5758341759352882
  },
  "static_best_vw": 0.7,
  "static_best_mean": 0.5758341759352882,
  "oracle_mean": 0.6744186046511628,
  "adaptive_mean": 0.5399393326592518,
  "delta_vs_static_best": {
    "mean": -0.0358948432760364,
    "ci_lo": -0.056622851365015166,
    "ci_hi": -0.015166835187057633
  },
  "predicted_vw_dist": {
    "0.0": 1937,
    "0.3": 22,
    "0.7": 12,
    "0.5": 7
  },
  "useful": false,
  "n_conversations": 10
}
