{
  "metric": "hit_at_k",
  "model": "gbm",
  "n_queries": 1978,
  "weights": [
    0.0,
    0.3,
    0.5,
    0.7,
    1.0
  ],
  "static_means": {
    "0.0": 0.7987866531850354,
    "0.3": 0.7871587462082912,
    "0.5": 0.7391304347826086,
    "0.7": 0.7194135490394338,
    "1.0": 0.7037411526794742
  },
  "static_best_vw": 0.0,
  "static_best_mean": 0.7987866531850354,
  "oracle_mean": 0.8326592517694641,
  "adaptive_mean": 0.8099089989888777,
  "delta_vs_static_best": {
    "mean": 0.011122345803842264,
    "ci_lo": 0.006572295247724975,
    "ci_hi": 0.016177957532861477
  },
  "predicted_vw_dist": {
    "0.0": 1918,
    "0.3": 47,
    "1.0": 1,
    "0.5": 9,
    "0.7": 3
  },
  "useful": true,
  "n_conversations": 10
}