{
  "metric": "reciprocal_rank",
  "model": "gbm",
  "n_queries": 1978,
  "weights": [
    0.0,
    0.3,
    0.5,
    0.7,
    1.0
  ],
  "static_means": {
    "0.0": 0.627287263068355,
    "0.3": 0.5675449788948274,
    "0.5": 0.5424767682603885,
    "0.7": 0.5247787166770999,
    "1.0": 0.5092850723032728
  },
  "static_best_vw": 0.0,
  "static_best_mean": 0.627287263068355,
  "oracle_mean": 0.6988033046046188,
  "adaptive_mean": 0.6262943970982393,
  "delta_vs_static_best": {
    "mean": -0.0009928659701157173,
    "ci_lo": -0.0034687113807437366,
    "ci_hi": 0.0013790585327491294
  },
  "predicted_vw_dist": {
    "0.0": 1928,
    "1.0": 10,
    "0.3": 29,
    "0.7": 4,
    "0.5": 7
  },
  "useful": false,
  "n_conversations": 10
}