{
  "metric": "hit_at_1",
  "model": "gbm",
  "n_queries": 1978,
  "weights": [
    0.0,
    0.3,
    0.5,
    0.7,
    1.0
  ],
  "static_means": {
    "0.0": 0.5394337714863499,
    "0.3": 0.4711830131445905,
    "0.5": 0.4539939332659252,
    "0.7": 0.4352881698685541,
    "1.0": 0.42214357937310415
  },
  "static_best_vw": 0.0,
  "static_best_mean": 0.5394337714863499,
  "oracle_mean": 0.6289180990899899,
  "adaptive_mean": 0.538928210313448,
  "delta_vs_static_best": {
    "mean": -0.0005055611729019212,
    "ci_lo": -0.003033367037411527,
    "ci_hi": 0.0015166835187057635
  },
  "predicted_vw_dist": {
    "0.0": 1956,
    "0.3": 14,
    "0.7": 5,
    "0.5": 3
  },
  "useful": false,
  "n_conversations": 10
}