{
  "metric": "hit_at_1",
  "model": "gbm",
  "n_queries": 1978,
  "weights": [
    0.0,
    0.3,
    0.5,
    0.7,
    1.0
  ],
  "static_means": {
    "0.0": 0.5394337714863499,
    "0.3": 0.4711830131445905,
    "0.5": 0.4539939332659252,
    "0.7": 0.4352881698685541,
    "1.0": 0.42214357937310415
  },
  "static_best_vw": 0.0,
  "static_best_mean": 0.5394337714863499,
  "oracle_mean": 0.6289180990899899,
  "adaptive_mean": 0.5551061678463094,
  "delta_vs_static_best": {
    "mean": 0.015672396359959553,
    "ci_lo": 0.010111223458038422,
    "ci_hi": 0.021739130434782608
  },
  "predicted_vw_dist": {
    "0.0": 1900,
    "1.0": 4,
    "0.3": 69,
    "0.5": 2,
    "0.7": 3
  },
  "useful": true,
  "n_conversations": 10
}